-0.4, -0.39750506196659763, -0.3893902149087362, -0.37502542415755663, -0.3544106864805116, -0.3275459989948448, -0.29443135911369134, -0.2550667645027181, -0.20945221304484563, -0.1638376790797118, -0.1244731379255187, -0.0913585895225251, -0.06449403381002264, -0.0438794707263121, -0.029514900208678974, -0.0214003221933682, -0.019535736615557988, -0.023921143409332837, -0.034556542507655594, -0.051441933842338604, -0.07457731734401388, -0.09771271011655795, -0.11459812892882507, -0.12523357306079017, -0.1296190418308223, -0.12775453459269262, -0.11964005073288621, -0.10527558966817846, -0.08466115084344578, -0.05779673372968192, -0.024682337822196896, 0.008432051968591507, 0.035296450529349356, 0.05591085794805873, 0.07027527431443473, 0.07838969971997736, 0.08025413425802502, 0.0758685780238109, 0.065233031114521, 0.04834749362935488, 0.025211965669588922, -0.0041735526613578475, -0.03355907436024057, -0.05669461232993507, -0.07358016628321189, -0.08421573594265827, -0.0886013210401835, -0.08673692131655679, -0.07862253652097503, -0.0642581664106585, -0.0436438107504718, -0.01677946931256842, 0.01008487056867402, 0.03069922151529049, 0.045063583666086406, 0.053177957163314714, 0.055042342152805894, 0.05065673878410473, 0.04002114721061402, 0.023135567589745828, 8.308073548389183e-11, -0.023135567423614885, -0.040021147044573914, -0.05065673861821419, -0.05504234198712215, -0.05317795699789354, -0.04506358350098219, -0.030699221350556274, -0.010084870404361571, 0.01677946947640858, 0.04364381091377408, 0.06425816657334028, 0.07862253668295106, 0.08673692147773912, 0.08860132120048128, 0.08421573610197758, 0.07358016644145567, 0.056694612487002916, 0.0335590745160285, 0.004173552815758212, -0.02521196551665037, -0.04834749347791663, -0.06523303096462069, -0.07586857787548555, -0.08025413411131073, -0.07838969957490953, -0.07027527417104816, -0.055910857806387375, -0.0352964503894266, -0.00843205183045007, 0.024682337958524925, 0.057796733864091954, 0.08466115097575627, 0.10527558979819918, 0.11964005086041767, 0.12775453471752535, 0.12961904195273602, 0.1252335731795531, 0.11459812904419286, 0.09771271022827269, 0.07457731745180289, 0.0514419339460487, 0.03455654260726099, 0.023921143504808225, 0.019535736706878484, 0.02140032228050932, 0.029514900291616648, 0.043879470805022656, 0.06449403388448284, 0.09135858959271202, 0.1244731379914098, 0.16383767914128491, 0.20945221310207893, 0.2550667645552464, 0.2944313591607712, 0.3275459990356585, 0.3544106865141553, 0.3750254241830262, 0.3893902149249097, 0.3975050619722119, 0.4
-0.4, -0.39687500613982407, -0.387500024559297, -0.3718750552584199, -0.3500000982371929, -0.3218751534956153, -0.28750022103368517, -0.2468753008514, -0.20000039294875577, -0.15312548504616036, -0.1125005648640213, -0.07812563240233411, -0.050000687661095056, -0.028125730640300876, -0.012500761339948782, -0.0031257797600363598, -7.859005615928693e-07, -0.0031257797615228088, -0.012500761342918687, -0.02812573064474827, -0.05000068766701094, -0.07187564468929349, -0.08750061399118254, -0.09687559557267744, -0.10000058943377695, -0.09687559557447949, -0.08750061399478294, -0.07187564469468483, -0.05000068767418218, -0.02187574293327153, 0.01249918952805115, 0.046874121989377425, 0.07499906673029885, 0.0968740237508194, 0.11249899305094246, 0.12187397463067097, 0.12499896849000731, 0.12187397462895343, 0.11249899304751079, 0.09687402374568045, 0.07499906672346295, 0.046874121980858274, 0.018749177238278958, -0.003125779783862554, -0.01875074908556636, -0.028125730666832136, -0.03125072452765917, -0.028125730668046352, -0.018750749087992218, -0.003125779787494909, 0.01874917723344784, 0.0468741219748387, 0.08124905443668087, 0.115623986898565, 0.14374893164008168, 0.16562388866123387, 0.18124885796202386, 0.19062383954245346, 0.19374883340252377, 0.19062383954223547, 0.18749884568200173, 0.19062383954223547, 0.19374883340252375, 0.19062383954245343, 0.1812488579620239, 0.1656238886612339, 0.14374893164008173, 0.11562398689856504, 0.08124905443668094, 0.0468741219748388, 0.018749177233447958, -0.0031257797874947677, -0.01875074908799205, -0.028125730668046165, -0.03125072452765896, -0.028125730666831907, -0.018750749085566114, -0.0031257797838622793, 0.018749177238279267, 0.04687412198085862, 0.0749990667234633, 0.09687402374568083, 0.11249899304751113, 0.12187397462895373, 0.1249989684900076, 0.12187397463067125, 0.11249899305094276, 0.09687402375081967, 0.0749990667302991, 0.04687412198937765, 0.012499189528051345, -0.02187574293327135, -0.050000687674182, -0.07187564469468465, -0.08750061399478276, -0.09687559557447928, -0.10000058943377672, -0.09687559557267716, -0.08750061399118227, -0.0718756446892932, -0.050000687667010636, -0.02812573064474792, -0.012500761342918325, -0.003125779761522432, -7.85900561196655e-07, -0.003125779760035942, -0.012500761339948336, -0.028125730640300415, -0.05000068766109458, -0.07812563240233363, -0.11250056486402078, -0.15312548504615986, -0.2000003929487554, -0.2468753008513997, -0.28750022103368494, -0.3218751534956151, -0.3500000982371928, -0.3718750552584198, -0.387500024559297, -0.39687500613982407, -0.4
6.884194944313839e-13, -0.0031249910716662954, -0.006249989273412122, -0.003125013566656429, 0.00624994308400551, 0.0218748824264364, 0.043749805735934885, 0.0656247300771484, 0.08124967193696873, 0.09062463124950847, 0.09374960794410987, 0.09062460194502793, 0.08124961317108964, 0.06562464153532963, 0.049999672558591834, 0.040624691909285006, 0.037499699780052416, 0.040624696340556314, 0.04999968174122932, 0.06562465611631144, 0.08749961958634782, 0.11562457226028036, 0.1437495275308707, 0.16562449865043233, 0.18124948543554303, 0.19062448769008342, 0.19374950520440207, 0.1906245377544378, 0.1812495851008, 0.1656246469878101, 0.14374972314250836, 0.12187480163141379, 0.10624986910207962, 0.09687492506747308, 0.09374997068627954, 0.09687500608813313, 0.10625003134648339, 0.12187504651382153, 0.14375005163186355, 0.17187504673567705, 0.20000004189610687, 0.2218750468989103, 0.23750006119369452, 0.24687508420538146, 0.25000011533563876, 0.24687515396500515, 0.2375001994558262, 0.2218752511561164, 0.2000003084044538, 0.17812536335668436, 0.16250040850657813, 0.15312544386468072, 0.15000046944051612, 0.1531254852426257, 0.16250049127859884, 0.17812548755509586, 0.20000047407786492, 0.22187545897773556, 0.23750044725655498, 0.2468754461882795, 0.250000455908834, 0.2468754659637558, 0.23750047622513962, 0.22187548687476308, 0.20000049819435284, 0.1781255050581385, 0.16250050217648263, 0.15312548954551003, 0.1500004671604796, 0.15312543501576434, 0.16250039310482572, 0.17812534142018432, 0.2000002799533842, 0.22187521649465822, 0.23750015915060838, 0.24687510854083292, 0.25000006527475926, 0.24687502994842261, 0.23750000314195047, 0.22187498541766854, 0.19999997731874283, 0.1718749793682784, 0.1437499816483134, 0.1218749739722283, 0.10624995631457007, 0.0968749286477209, 0.09374989094171114, 0.09687484316400834, 0.10624978527927952, 0.12187471724912201, 0.14374963903175764, 0.16562456292866903, 0.1812495014159211, 0.19062445479169585, 0.1937494233396758, 0.19062440732977926, 0.1812494070188759, 0.16562442265147775, 0.14374945446040474, 0.11562450266742252, 0.08749955364945866, 0.06562459361261987, 0.04999962242413586, 0.04062463993495351, 0.03749964597698982, 0.04062464035976353, 0.04999962286622288, 0.0656245932475212, 0.08124956652933504, 0.09062455793899196, 0.09374956761075122, 0.09062459567334538, 0.0812496422502894, 0.06562470746017077, 0.04374979141692272, 0.02187487610659347, 0.006249942679429035, -0.0031250107054886225, -0.006249986625365362, -0.0031249902969487913, 6.636886788500764e-13
6.824308836265055e-27, 0.009979752133609606, 0.022479636097836004, 0.03497952690688413, 0.04747942380129604, 0.05997932614137091, 0.07247923338324283, 0.08497914506064971, 0.09747906077084015, 0.08497907508969513, 0.07247908952707724, 0.05997910408489717, 0.047479118765112675, 0.0349791335697295, 0.022479148500803004, 0.00997916356044009, -0.002520821249199251, -0.01502080592590014, -0.027520790467390886, -0.04002077487134117, -0.05252075913535991, -0.04002081195481635, -0.027520863294252094, -0.015020913233608414, -0.0025209618465199877, 0.009978990799038542, 0.02247894464018716, 0.034978899618643866, 0.0474788556802869, 0.059978812774768464, 0.07247877085517151, 0.059978788307982124, 0.04747880593504928, 0.0349788237397882, 0.0224788417257158, 0.009978859896454454, -0.0025211217442638197, -0.015021103192592693, -0.027521084444566933, -0.040021065496097505, -0.05252104634296635, -0.06502102698082075, -0.05252105981471013, -0.040021092064067884, -0.02752112374903932, -0.015021154888746235, -0.002521185501354818, 0.009978784395861666, 0.022478754786465355, 0.034978725654800785, 0.047478696985946006, 0.05997866876566754, 0.04747869075930222, 0.034978713027163655, 0.022478735576020037, 0.00997875841289318, -0.00252121845492845, -0.015021195019876196, -0.027521171274086636, -0.04002114720938613, -0.0525211228172742, -0.04002114720950826, -0.0275211712743278, -0.015021195020233307, -0.002521218455398528, 0.00997875841231297, 0.02247873557533241, 0.034978713026371254, 0.04747869075840754, 0.05997866876467308, 0.0474786969847889, 0.034978725653475894, 0.02247875478496732, 0.00997878439418487, -0.002521185503216304, -0.01502115489079861, -0.02752112375128911, -0.04002109206652195, -0.05252105981737569, -0.06502102698370547, -0.052521046345928836, -0.04002106549913618, -0.02752108444768015, -0.015021103195778977, -0.0025211217475216846, 0.00997885989312644, 0.022478841722319075, 0.034978823736324036, 0.047478805931519055, 0.05997878830438709, 0.07247877085151293, 0.05997881277075516, 0.047478855675902085, 0.03497889961386964, 0.022478944635004317, 0.009978990793426373, -0.0025209618525837553, -0.015020913240147845, -0.027520863301293275, -0.0400208119623875, -0.052520759143491726, -0.040020774879525024, -0.027520790475625813, -0.015020805934185238, -0.0025208212575337256, 0.009979163552057068, 0.022479148492372245, 0.0349791335612518, 0.047479118756588896, 0.05997910407632787, 0.07247908951846321, 0.08497907508103725, 0.09747906076213897, 0.08497914505053078, 0.0724792333715682, 0.05997932612798105, 0.04747942378600618, 0.03497952688947748, 0.022479636078056708, 0.009979752111152276, -1.437915475248327e-27
-3.2031885686433526e-21, 0.012499975440703887, 0.02499995088140457, 0.037499926322104006, 0.049999901762804, 0.062499877203506624, 0.07499985264421369, 0.08749982808492714, 0.09999980352564974, 0.087499828084732, 0.07499985264382424, 0.06249987720292453, 0.049999901762031757, 0.037499926321144954, 0.02499995088026342, 0.01249997543938626, -1.4871971816901398e-12, -0.012499975442357664, -0.02499995088322586, -0.037499926324092436, -0.049999901764958284, -0.03749992632417183, -0.024999950883384407, -0.01249997544259511, -1.802969033083173e-12, 0.012499975438992865, 0.024999950879793276, 0.03749992632059916, 0.049999901761411426, 0.062499877202231185, 0.07499985264305954, 0.0624998772022456, 0.049999901761440126, 0.037499926320642, 0.024999950879850224, 0.012499975439063747, -1.718391638834184e-12, -0.012499975442497115, -0.02499995088327332, -0.03749992632404799, -0.0499999017648221, -0.06249987720559663, -0.04999990176472066, -0.03749992632384539, -0.02499995088296984, -0.012499975442093256, -1.2148603955832947e-12, 0.012499975439666113, 0.02499995088055041, 0.03749992632143883, 0.04999990176233215, 0.062499877203231295, 0.07499985264413737, 0.06249987720339921, 0.04999990176266757, 0.0374999263219412, 0.02499995088121885, 0.012499975440499432, -2.1815946436206587e-13, -0.01249997544093502, 1.0429547204520943e-17, 0.01249997544093504, 2.1817874357711334e-13, -0.012499975440499413, -0.024999950881218834, -0.03749992632194117, -0.04999990176266754, -0.06249987720339918, -0.07499985264413735, -0.06249987720323126, -0.049999901762332113, -0.037499926321438795, -0.02499995088055037, -0.01249997543966607, 1.2149028762240004e-12, 0.012499975442093305, 0.02499995088296989, 0.03749992632384545, 0.04999990176472073, 0.06249987720559671, 0.049999901764822045, 0.037499926324047944, 0.024999950883273284, 0.012499975442497088, 1.7183703526541975e-12, -0.012499975439063775, -0.02499995087985029, -0.03749992632064206, -0.04999990176144017, -0.06249987720224563, -0.07499985264305957, -0.06249987720223119, -0.049999901761411426, -0.03749992632059914, -0.02499995087979325, -0.012499975438992835, 1.8030078731278261e-12, 0.012499975442595157, 0.02499995088338447, 0.03749992632417187, 0.04999990176495834, 0.037499926324092506, 0.024999950883225878, 0.012499975442357697, 1.4872391912738354e-12, -0.012499975439386224, -0.024999950880263366, -0.03749992632114492, -0.04999990176203171, -0.062499877202924464, -0.07499985264382415, -0.08749982808473218, -0.09999980352564991, -0.08749982808492728, -0.07499985264421381, -0.06249987720350672, -0.04999990176280407, -0.03749992632210406, -0.024999950881404606, -0.012499975440703899, -3.149920585274064e-21
8.469239093312727e-12, -0.012499964292516751, -2.85094377545819e-08, 0.01249993134114356, 0.02499989526584513, 0.03749986210787944, 0.04999983113377808, 0.03749986623440455, 0.0249999012078738, 0.012499936044952767, -2.9264204988720213e-08, -0.012499994730102989, -0.02499996036394892, -0.03749992617770477, -0.02499994972817052, -0.012499972868287227, 4.351824669591359e-09, 0.012499981890361738, 0.024999959712208957, 0.03749993778771122, 0.049999916091744395, 0.062499894603019863, 0.04999992647810527, 0.03749995799864062, 0.024999989140043807, 0.012500019876107637, 5.017891184125545e-08, -0.012499919981262295, -0.02499989063601344, -0.03749986181889463, -0.04999983356547705, -0.03749985248227441, -0.024999877638636904, -0.01249989850355672, 8.097483061782966e-08, 0.012500060628455757, 0.025000040400650108, 0.03750002026424884, 0.05000000020331653, 0.062499980207194966, 0.05000000042965129, 0.037500019576568774, 0.025000037597464, 0.012500054444079247, 7.007165552672179e-08, -0.0124999155595638, -0.024999902482594323, -0.03749989072174478, -0.04999988029045166, -0.037499899906206974, -0.024999919499821967, -0.012499939073383043, 4.1371110115080393e-08, 0.012500021831726823, 0.025000002306589754, 0.03749998279386097, 0.049999963291729, 0.037499976302328465, 0.024999976807604646, 0.012500018914036338, 1.996302159657219e-08, -0.012499979748388387, -0.0249999792110148, -0.03749997819530511, -0.04999997653101614, -0.03749999601837946, -0.02500001551263191, -0.01250003501548745, -5.452869587260686e-08, 0.012499925945947756, 0.024999906406593483, 0.037499886851326464, 0.049999867278156536, 0.03749987888382775, 0.024999891737072618, 0.012499905821144039, -7.888789505346496e-08, -0.012500062419676501, -0.025000044808199073, -0.037500026090671906, -0.05000000630652424, -0.06249998549657151, -0.05000000538426545, -0.03750002532078588, -0.025000045310286587, -0.012500065357273323, -8.546664808813166e-08, 0.012499894356240313, 0.02499987410553812, 0.03749985377481952, 0.04999983335700894, 0.03749986223222449, 0.024999891718677326, 0.01249992178662419, -4.759218954445829e-08, -0.012500016444565908, -0.024999984795898787, -0.03749995267022414, -0.049999920090274465, -0.06249988707753493, -0.0499999089898732, -0.0374999311527049, -0.02499995359612205, -0.012499976355165072, 5.29087335159703e-10, 0.012499977008120427, 0.024999953024166955, 0.03749992850781397, 0.02499996462656754, 0.012500001019525352, 3.767531595755e-08, -0.012499925416795609, -0.024999888266945543, -0.03749985088470719, -0.04999981327912476, -0.037499847952694204, -0.02499988574612854, -0.012499927783371133, 2.411436987098679e-08, 0.012499961210136924, -8.516123113094849e-12
2.0405391016827183e-27, 5.712813581894071e-19, 2.50217324725041e-18, 4.321177755174636e-18, 5.264576578169465e-18, 6.2027551612536995e-18, 6.1843213831418184e-18, 5.662567414853616e-18, 5.659065377709311e-18, 6.15258069235466e-18, 6.940327265737115e-18, 6.946246815769789e-18, 6.3535343089317645e-18, 6.304167885631264e-18, 6.817293752669776e-18, 7.685154306416943e-18, 8.226787983914815e-18, 8.131035598307813e-18, 7.347277676914392e-18, 5.900345677660207e-18, 5.0969637621886686e-18, 4.989484992799477e-18, 5.013444847928747e-18, 5.5174614660197006e-18, 6.372090645483623e-18, 7.488036959650404e-18, 8.776591853569843e-18, 1.0082583921597054e-17, 1.0277945913555573e-17, 9.246612162740783e-18, 8.895301835747035e-18, 8.60359041472501e-18, 8.353877796835658e-18, 9.007980844078103e-18, 9.967994410394324e-18, 1.088929041812211e-17, 1.1842277964014093e-17, 1.2933893871986575e-17, 1.3552198972160775e-17, 1.3504484583639908e-17, 1.3776783497401991e-17, 1.431573866067884e-17, 1.457361118266648e-17, 1.4541261312132268e-17, 1.4458352042908495e-17, 1.3882392929079693e-17, 1.2289990452835397e-17, 1.0708222391491842e-17, 9.839285210478649e-18, 9.808007288470123e-18, 1.0560240348592777e-17, 1.1212056163893331e-17, 1.1455352109126562e-17, 1.2492237922062202e-17, 1.3558530057472891e-17, 1.3647615884330598e-17, 1.3054100275590664e-17, 1.1553220991427145e-17, 9.699718127649874e-18, 8.364258913523198e-18, 7.846200426320365e-18, 7.650553548189003e-18, 6.985184120057826e-18, 6.5935563896227845e-18, 6.7913447349624695e-18, 6.330034663491107e-18, 5.542340422207093e-18, 4.6251855391196886e-18, 3.603970714587654e-18, 3.2358818560488802e-18, 3.655243866748271e-18, 3.9639125161770275e-18, 3.9077790316828075e-18, 4.246039731483525e-18, 4.614904201093537e-18, 4.6984349931500675e-18, 4.435183961873848e-18, 4.047402621287178e-18, 3.953804756832542e-18, 4.1702598544111635e-18, 4.588146097349577e-18, 5.537900452721032e-18, 6.692954754725372e-18, 7.296653939082811e-18, 7.415066058691302e-18, 7.433585210889686e-18, 7.235083293024704e-18, 6.261615013659849e-18, 4.9237950002155525e-18, 4.18448345768856e-18, 3.648322303725763e-18, 3.3426277304906526e-18, 3.574277257042473e-18, 3.712729171158556e-18, 4.374374218581713e-18, 4.782082210877815e-18, 4.880205192722816e-18, 5.218353938797503e-18, 5.463182249040186e-18, 5.856716940979892e-18, 5.6989369954239244e-18, 5.657255144637527e-18, 6.5715967347628506e-18, 7.409396950513775e-18, 7.313679228944319e-18, 6.93969739355005e-18, 7.158435044330224e-18, 7.247536083556383e-18, 7.235887816643291e-18, 7.663378712168e-18, 7.766120605930012e-18, 7.511050455535427e-18, 7.223149674649675e-18, 6.73405110380975e-18, 6.2229547437911825e-18, 5.992186229215217e-18, 5.497558227399013e-18, 4.1079604105346084e-18, 2.481441058949258e-18, 8.948647639182008e-19, 2.0405389214081442e-27
2.0405387312335697e-27, 1.0794817197054382e-18, 2.7317298808366745e-18, 4.672834790398491e-18, 6.917843947388298e-18, 7.513048665401414e-18, 7.194974869010353e-18, 7.674464586737435e-18, 8.626193112038324e-18, 9.111678803531862e-18, 9.0242626148912e-18, 9.361996529888691e-18, 9.555644862111942e-18, 9.423869394138413e-18, 9.402452085416978e-18, 8.952024298686787e-18, 8.461018882664471e-18, 7.415907663265786e-18, 5.490907662962344e-18, 3.3105154029639106e-18, 1.928227478107865e-18, 1.461822206707723e-18, 8.443462129259398e-19, 2.5213964335476536e-19, -2.5290744790897356e-19, -6.997701120484555e-19, -9.132549591437644e-19, -1.089406250062411e-18, -1.8043961234903243e-18, -2.983789129344483e-18, -3.626768742847804e-18, -3.593931662932798e-18, -2.9073638962979658e-18, -2.0514927051442953e-18, -1.742218352711997e-18, -1.1519998083455171e-18, -4.968594766149301e-19, -4.338844071236781e-19, 7.76122889243192e-20, 1.4682142836653178e-18, 3.0446406711069466e-18, 4.407176789555539e-18, 5.236245416007325e-18, 5.042312637050932e-18, 4.788188044569375e-18, 5.003913284504389e-18, 4.267396656020243e-18, 2.829917948224952e-18, 1.6573774099627593e-18, 9.6195126275052e-19, 9.996820982657549e-19, 1.3062473049449714e-18, 1.612066032820147e-18, 1.1264902044892353e-18, 4.412274445176762e-20, -1.3214549946573647e-18, -3.526548005119974e-18, -5.6972294490703706e-18, -7.687315186520267e-18, -9.397771225426906e-18, -9.844265328904707e-18, -9.943998598757802e-18, -1.022302360242389e-17, -9.331800805690629e-18, -7.739596749395769e-18, -6.48890633235928e-18, -5.916034127329555e-18, -5.465265309542445e-18, -5.390623736390533e-18, -5.7235264771710146e-18, -5.811972040385211e-18, -5.4116570782113784e-18, -4.14437569283376e-18, -2.7918036110982224e-18, -1.3635844664774268e-18, -4.812166640509398e-19, -3.9396043146122965e-19, -6.111668675299911e-19, -1.0877627455828448e-18, -1.40411903067891e-18, -1.2360696378180964e-18, -6.575906733495164e-19, -6.032914877130269e-19, -7.661893548152252e-19, -3.1364057359687125e-19, 7.8778582568746e-19, 1.9288060004734662e-18, 1.8974266195929316e-18, 1.101532640294256e-18, 1.0757402699154518e-18, 8.653817777946813e-19, -9.296370126814356e-20, -7.057129136111603e-19, -1.0652914019658644e-18, -1.7628849691781456e-18, -2.3247125035726976e-18, -2.516972878426873e-18, -2.8844730687128444e-18, -2.7941959983754848e-18, -2.4933894680244976e-18, -2.90393021787647e-18, -3.679204200091332e-18, -4.14130468141208e-18, -4.526986120616208e-18, -4.384632873764504e-18, -3.5295488612859515e-18, -2.1286785566134493e-18, -3.9009685176575346e-19, 1.1715994005955636e-18, 2.219485940196335e-18, 2.8014822834246435e-18, 3.061968734922043e-18, 3.198799568907978e-18, 2.9837314593461517e-18, 2.216716293936263e-18, 1.7748407146345603e-18, 1.4528512907929177e-18, 1.3905122682627565e-18, 9.662880252992936e-19, 1.6138193019051772e-19, 2.040538647806697e-27
2.0405390437140618e-27, 2.872346787533131e-19, 5.168555743373122e-19, -6.998263667924577e-20, -9.951241133707375e-19, -1.8398697705220095e-18, -2.6461206520882627e-18, -2.6794955415730962e-18, -1.703893588592252e-18, -8.749669140883985e-19, -2.416821934063227e-19, 7.492999939928145e-19, 1.304994733777716e-18, 1.4359771164895657e-18, 1.1971024774798245e-18, 8.097593875214425e-19, 1.1363241153521778e-18, 1.6887042777990939e-18, 1.4946512733105452e-18, 1.1355956406511571e-18, 1.270527694465674e-18, 1.3594781997450458e-18, 1.272894594240312e-18, 1.0021147330496968e-18, 3.3267872993084446e-19, -6.036764110411996e-21, -1.9768047581792925e-19, -4.604262031374554e-19, -1.0623638288322802e-18, -2.33826386750603e-18, -2.829829284803044e-18, -2.6283729104345693e-18, -2.186887644059718e-18, -9.620568316761972e-19, 3.280158869684889e-19, 7.303773973753544e-19, 4.688425590750293e-19, 2.0517387913765298e-20, -3.0404964703886618e-19, -5.372800449882459e-19, -1.0521249096619164e-18, -2.133485845990272e-18, -3.34492835241871e-18, -3.9596171223524045e-18, -3.4619685929812813e-18, -2.6336521063508534e-18, -2.7583597425051203e-18, -3.113559757082428e-18, -3.0124432861487794e-18, -2.0888661986349072e-18, 3.1502579093016787e-20, 2.073505558057374e-18, 3.4014441753016884e-18, 4.249417756159432e-18, 4.748201823565832e-18, 5.171022974339949e-18, 4.4824084268275364e-18, 2.284855917280778e-18, 3.760168160234231e-19, -5.06307766216058e-19, -9.086915846500683e-19, -7.455345773715936e-19, 4.0884645131291637e-19, 2.899761330986779e-18, 5.607110964766074e-18, 6.864383930020895e-18, 6.8256618736378804e-18, 6.591107107829015e-18, 6.85052071899663e-18, 8.023438167274812e-18, 9.572031142025556e-18, 1.0879094512343599e-17, 1.178552660145169e-17, 1.263475041410652e-17, 1.4489142445343497e-17, 1.6483624828694872e-17, 1.7560091492435116e-17, 1.8153966020012716e-17, 1.8589673688302826e-17, 1.8793852908603278e-17, 1.9059027160653077e-17, 1.9698608638651848e-17, 1.973286001646856e-17, 1.9733953368292597e-17, 2.0294293295903655e-17, 2.0486313426488672e-17, 2.032195773110503e-17, 1.995808051435386e-17, 1.94505287718941e-17, 1.9343361242135077e-17, 2.0048826466851566e-17, 2.105524928577841e-17, 2.2054320743806342e-17, 2.2463259865197258e-17, 2.2261940854509256e-17, 2.1654613449190006e-17, 2.0472087574313985e-17, 1.8700883985757517e-17, 1.707842822840158e-17, 1.5994270413476424e-17, 1.4378274639436494e-17, 1.2317858839756556e-17, 1.0629444592159739e-17, 8.792880577869964e-18, 6.613737916358459e-18, 5.114962966748578e-18, 4.299919872591574e-18, 4.2262423784435926e-18, 4.662532485282516e-18, 4.482169035588385e-18, 4.587375513985499e-18, 5.401708913026327e-18, 5.556694913891729e-18, 4.863037795817011e-18, 4.552975637861787e-18, 4.425539113479662e-18, 3.216259257838047e-18, 1.8984876887548582e-18, 1.2498917547680236e-18, 5.107494781128427e-19, 2.040539020539858e-27
1.0, 1.0, 1.0, 1.0, 1.0, 1.0, 1.0, 1.0, 1.0, 1.0, 1.0, 1.0, 1.0, 1.0, 1.0, 1.0, 1.0, 1.0, 1.0, 1.0, 1.0, 1.0, 1.0, 1.0, 1.0, 1.0, 1.0, 1.0, 1.0, 1.0, 1.0, 1.0, 1.0, 1.0, 1.0, 1.0, 1.0, 1.0, 1.0, 1.0, 1.0, 1.0, 1.0, 1.0, 1.0, 1.0, 1.0, 1.0, 1.0, 1.0, 1.0, 1.0, 1.0, 1.0, 1.0, 1.0, 1.0, 1.0, 1.0, 1.0, 1.0, 1.0, 1.0, 1.0, 1.0, 1.0, 1.0, 1.0, 1.0, 1.0, 1.0, 1.0, 1.0, 1.0, 1.0, 1.0, 1.0, 1.0, 1.0, 1.0, 1.0, 1.0, 1.0, 1.0, 1.0, 1.0, 1.0, 1.0, 1.0, 1.0, 1.0, 1.0, 1.0, 1.0, 1.0, 1.0, 1.0, 1.0, 1.0, 1.0, 1.0, 1.0, 1.0, 1.0, 1.0, 1.0, 1.0, 1.0, 1.0, 1.0, 1.0, 1.0, 1.0, 1.0, 1.0, 1.0, 1.0, 1.0, 1.0, 1.0, 1.0
1.1660031636646357e-27, 4.570250833203514e-18, 1.0876884234048069e-17, 3.675151874582178e-18, 3.872038567204786e-18, 3.633390045770304e-18, -3.78086023835361e-18, -3.9317155318844695e-19, 3.651550460076782e-19, 3.58296741622515e-18, 2.7190053065438087e-18, -2.671648915975941e-18, -2.0700510708735936e-18, 1.6751196715448945e-18, 2.429887313230813e-18, 4.512997150673854e-18, -1.799277323064693e-19, -5.860913509339535e-19, -5.683972188234479e-18, -5.891483691092317e-18, -5.355715510928381e-19, -3.2425849496856206e-19, 5.159372245272064e-19, 3.5161958890292804e-18, 3.3208374493429714e-18, 5.6067335115089115e-18, 4.701705693564877e-18, 5.74623058529262e-18, -4.183334538754796e-18, -4.0673355180486756e-18, 1.2568529554130682e-18, -3.590543910200912e-18, 1.5928428885281689e-18, 3.639981447911001e-18, 4.0401270958463824e-18, 3.3302409949555036e-18, 4.293659399039499e-18, 4.439268037305255e-18, 5.071723577176932e-19, -8.888874767393553e-19, 3.067278790319633e-18, 1.2443621297698277e-18, 8.186178286076363e-19, -1.0774167736205085e-18, 4.1414257330646196e-19, -5.021815440164564e-18, -7.717404694699518e-18, -4.936740317555398e-18, -2.014756962125189e-18, 1.7645333971973678e-18, 4.25333127794462e-18, 9.61195083702581e-19, 9.851723062483895e-19, 7.309914266542896e-18, 1.2204227257269974e-18, -5.07736236786477e-19, -4.240388287350015e-18, -7.76664605046487e-18, -7.061376886396288e-18, -3.622296742674429e-18, -5.221708515221189e-19, -1.0430040455074575e-18, -4.27995132104161e-18, 1.146929532778383e-18, 4.353766773372996e-19, -4.125857823424182e-18, -2.1756959886387008e-18, -5.161543078376632e-18, -3.0081752756614843e-18, 6.346418124482851e-20, 3.2914318777246652e-18, -8.220825242195102e-19, 3.7301455120430433e-19, 2.3330704445621883e-18, 6.17845545808119e-19, 5.040079018973924e-20, -2.1564090348459142e-18, -9.45841495118711e-19, 1.9705857168136507e-19, 1.5345819677454996e-18, 1.808508036093893e-18, 5.789526543587531e-18, 3.450907623444821e-18, 1.3786859425439023e-18, -4.313889695201062e-19, 5.795423049440685e-19, -2.167557487516907e-18, -5.6201886192656776e-18, -5.082371295932849e-18, -8.32120797906052e-19, -3.4571679289253463e-18, 1.0116119167798449e-18, 8.41584414986216e-19, 2.6603080969100156e-19, 5.027129740138695e-18, -1.7654657961153245e-18, 2.5504496944961903e-18, 1.54740165856967e-19, 1.803886223188235e-18, 1.344391178235683e-18, -2.6066307693406134e-18, 2.2731758539973037e-18, 5.041556928397595e-18, 1.6608446893654659e-18, -2.4265864764614016e-18, -5.652683100903271e-19, 2.3151696148825317e-18, -1.6023618536040561e-18, 1.5091757021434469e-18, 1.9107516009947144e-18, -1.0888163539633871e-18, -9.517448879673814e-19, -1.3514612686457584e-18, -2.561326826322198e-18, -1.5274440796757343e-18, -3.187040498566895e-19, -3.638319964672938e-18, -7.478462563779952e-18, -5.533692242440503e-18, -7.158918062877992e-18, -1.1660032309433795e-27
1.1660034876755255e-27, 8.635853731794111e-18, 4.582131518481688e-18, 1.0946707719238755e-17, 7.013365452669169e-18, -2.2517278313488666e-18, -2.9286258501606054e-19, 4.1287803591444606e-18, 3.485047836800306e-18, 3.988376272933358e-19, -1.0981671913485987e-18, 3.800038575952017e-18, -2.250851704908505e-18, 1.1966479239617681e-18, -1.367986359805916e-18, -2.2354360600514115e-18, -1.6926073295194253e-18, -6.668282475753257e-18, -8.731717522635311e-18, -8.711420535541732e-18, -2.3468828398806204e-18, -1.3843593660556375e-18, -3.555448630242862e-18, -1.1822038564523902e-18, -2.858172728254679e-18, -7.167287686342131e-19, -9.911504124289377e-19, -4.1805980021354974e-19, -5.3018591326836905e-18, -4.133284776824673e-18, -1.0105516927719376e-18, 1.2732483789440145e-18, 4.219293664671506e-18, 2.6276757220832674e-18, -1.5348100349810202e-19, 4.875229495653873e-18, 3.6589319353179213e-19, 1.3790716337808346e-19, 3.954066665418346e-18, 7.170749172653272e-18, 5.440662180224015e-18, 5.459626693805022e-18, 1.1729235170797887e-18, -2.7243859081439436e-18, 6.913891319660202e-19, 1.0344126712423097e-18, -6.9265455654761325e-18, -4.573283407598468e-18, -4.8070407245457794e-18, -7.563683757049257e-19, 1.0582148961981198e-18, 1.3943066631592161e-18, 1.052243253716637e-18, -4.9368500043160676e-18, -3.7220894679705194e-18, -7.202532593173679e-18, -1.0438211584676166e-17, -6.9272396381629135e-18, -8.993446591216405e-18, -4.690201497974724e-18, 1.1182486755900948e-18, -1.9161147047283268e-18, -3.1608516535539057e-19, 7.44586752315554e-18, 5.291764872251284e-18, 4.7137583310891674e-18, -1.3078064521103213e-19, 3.736931535376643e-18, -3.1397988552771604e-18, 4.76577093394056e-19, -1.1841414143248495e-18, 4.386661120538132e-18, 5.7515899997927805e-18, 5.068986684295427e-18, 6.356766391563416e-18, 7.021757838948231e-19, -4.126028165062454e-21, -1.7335257648222298e-18, -2.0792412802245792e-18, -4.516091946668345e-19, 1.796003769371544e-18, 2.831828269090626e-18, -2.397434993469679e-18, 1.0942521307671526e-18, 2.5261382234879714e-18, 6.285272519129101e-18, 2.8428885727022645e-18, -3.0939234054792982e-18, -3.2732285208975983e-18, 3.0668896568218763e-18, -4.749757666085565e-18, -2.9170062865763274e-18, -1.984987254042216e-18, -8.916405306166395e-19, -4.689108086649277e-18, 1.944880320205048e-19, -1.7325709876369532e-18, -1.2074316259799259e-18, 1.9296483684128714e-18, 4.768039034755944e-19, -3.7611298925978496e-18, -2.4410618665702347e-18, -1.255742082546565e-18, -1.829709431894251e-18, 2.968535482640479e-18, 3.872136715738757e-18, 7.334825574622832e-18, 6.57382801084436e-18, 5.9197420645917265e-18, 2.4633502974508836e-18, 2.192620519461419e-18, -1.087288687081321e-19, 1.2033755405956139e-18, -2.9239204849448857e-18, -3.212200760786041e-18, -3.2280380254174666e-19, -2.253111575266697e-18, 1.754399414412453e-18, -5.1481933258084135e-18, -1.2910553930565277e-18, -1.1660030002995212e-27
1.1660032345622017e-27, 2.297877394483588e-18, -4.609102847415579e-19, -4.2337954163156026e-18, -3.1673364101410284e-18, -3.5906288858432386e-18, -2.85937819899853e-18, 2.5923794062372887e-18, 5.2124361045183656e-18, 1.418977265663068e-18, 3.6473003446971735e-18, 4.280557244968804e-18, 1.6500057314400515e-19, 8.82858549943104e-19, -2.793855792883591e-18, -3.048890447213257e-19, 2.917406935221868e-18, 1.5016343191170208e-18, -3.0540584511528445e-18, 1.8161335352702905e-19, 8.978433548700926e-19, -1.8623924801163249e-19, -5.064297737408225e-19, -1.6598092300868889e-18, -3.695678607859719e-18, 9.859548429377749e-19, -2.5191043831171352e-18, 4.1713858112069423e-19, -5.2326394158309536e-18, -4.974561015535873e-18, 1.0420378881958296e-18, 5.69612988208263e-19, 2.9622692546699564e-18, 6.836377195728648e-18, 3.484204739827206e-18, -2.653126807051153e-19, -1.8269660515468794e-18, -1.7596357424911875e-18, -8.369005002742828e-19, -1.028942614809763e-18, -3.0898164874128668e-18, -5.56107109797826e-18, -4.13046887966235e-18, -7.870412415379869e-19, 4.7682295911379286e-18, 1.858302197927316e-18, -2.8559634050235808e-18, 1.4363124044371464e-20, 7.945686892544807e-19, 6.594047935618099e-18, 1.0368902183022287e-17, 5.967121223856264e-18, 4.656387680423356e-18, 2.127400889919087e-18, 1.8628716126532326e-18, 1.519697727229538e-18, -7.028613787448895e-18, -1.0551806006072783e-17, -4.718906948052568e-18, -2.3396894899761922e-18, -8.793813389946713e-19, 2.1846375412652362e-18, 7.050410034486545e-18, 1.2876908954630803e-17, 8.781888386976439e-18, 1.2762952673116014e-18, -1.586071875084516e-18, -2.903663567340479e-19, 2.3656751942688966e-18, 7.017664432055933e-18, 5.371079170356691e-18, 5.085428245511307e-18, 2.1660283823710166e-18, 4.627761892294145e-18, 1.0207374417075476e-17, 5.7484849217095205e-18, 2.8632483666291978e-18, 1.8877477773016953e-18, 1.5979138819382163e-18, 3.552003205291212e-20, 2.0858738947813713e-18, 3.030778147868417e-18, -2.756767124678381e-18, 2.7655136672966734e-18, 1.7172058531018588e-18, -1.8104485900979358e-19, -1.1338001414311116e-18, -1.7772179820357334e-18, -2.283196046701597e-18, 1.4258558605301633e-18, 4.217866005056408e-18, 3.833516358748285e-18, 4.159055219041257e-18, -8.875420998857546e-19, -7.230100861885663e-19, -4.135608822746688e-18, -5.324598256636939e-18, -8.845030418695265e-18, -4.134615438203839e-18, -4.538647165207942e-18, -8.389318771848734e-18, -8.094007647401192e-18, -5.4133066007530184e-18, -9.279205579804256e-18, -8.153935649279882e-18, -3.836263884591268e-18, -2.684080750726907e-18, 2.0946609251744422e-18, 1.3956598713758108e-18, -2.8385669616345037e-18, 3.6802188437413794e-18, 2.8344485424557015e-18, -1.594560525838961e-18, -3.95469638644704e-18, 1.4741991938910804e-18, -2.493691311399897e-18, -7.180547475571887e-18, -3.3616250253948354e-18, -1.8271424077257506e-18, -4.085995776435128e-18, -1.1660031972779359e-27
0.1995950426721921, 0.2499976792845282, 0.24999781618096226, 0.24999793788823926, 0.24999804680149657, 0.2499981448374403, 0.24999823354813666, 0.24999831420380705, -0.2499997136229029, -0.24999971125235965, -0.2499997088435999, -0.2499997063956895, -0.2499997039076646, -0.24999970137853017, -0.2499996988072583, -0.2499996961927868, -0.24999969353401763, -0.2499996908298154, -0.2499996880790057, -0.2499996852803735, 0.24999894361087216, 0.24999897321128486, 0.2499990012128742, 0.24999902774176838, 0.24999905291117058, 0.2499990768229727, 0.24999909956913374, 0.24999912123286155, 0.2499991418896303, 0.24999916160805963, -0.2499996509437859, -0.24999964745865705, -0.2499996439052207, -0.24999964028144744, -0.24999963658522728, -0.24999963281436532, -0.24999962896657732, -0.24999962503948514, -0.24999962103061174, -0.24999961693737627, -0.24999961275708849, 0.2499993433222122, 0.24999935501284543, 0.2499993663005708, 0.24999937720586157, 0.2499993877478283, 0.24999939794432974, 0.2499994078120737, 0.24999941736670814, 0.2499994266229041, 0.24999943559443089, -0.24999956012730534, -0.24999955464277002, -0.24999954902287222, -0.2499995432625369, -0.24999953735643263, -0.24999953129895502, -0.24999952508420906, -0.24999951870598996, -0.2499995121577627, 0.24999951215531885, 0.24999951870360998, 0.24999952508189047, 0.24999953129669547, 0.24999953735422992, 0.2499995432603889, 0.2499995490207769, 0.24999955464072546, 0.24999956012530974, -0.24999943559768417, -0.2499994266262598, -0.24999941737017117, -0.2499994078156493, -0.24999939794802348, -0.24999938775164612, -0.24999937720980986, -0.24999936630465633, -0.24999935501707551, -0.24999934332659463, 0.2499996127555325, 0.24999961693585288, 0.2499996210291199, 0.2499996250380239, 0.24999962896514574, 0.2499996328129625, 0.24999963658385238, 0.24999964028009963, 0.24999964390389917, 0.24999964745736106, 0.24999965094251467, -0.2499991616151566, -0.24999914189706102, -0.24999912124065007, -0.2499990995773066, -0.24999907683155903, -0.24999905292020258, -0.24999902775128166, -0.24999900122290827, -0.24999897322188372, -0.24999894362208483, 0.2499996852793338, 0.2499996880779838, 0.24999969082881093, 0.24999969353303012, 0.2499996961918158, 0.24999969880630343, 0.249999701377591, 0.24999970390674076, 0.2499997063947806, 0.24999970884270561, 0.24999971125147963, 0.24999971362203677, -0.24999831423216123, -0.2499982335792521, -0.24999814487174088, -0.24999804683949764, -0.24999793793057362, -0.24999781622841566, -0.24999767933808856, -0.19959504222304544, 0.0
0.24999950881407787, 0.2499995088140138, 0.24999950881398833, 0.24999950881400093, 0.24999950881405147, 0.24999950881414076, 0.2499995088142717, 0.2499995088144507, -0.24999950881835284, -0.2499995088181579, -0.24999950881799454, -0.24999950881785496, -0.24999950881773472, -0.24999950881763128, -0.24999950881754307, -0.24999950881746924, -0.24999950881740943, -0.2499995088173636, -0.24999950881733216, -0.24999950881731592, 0.24999950881572805, 0.24999950881574778, 0.2499995088157863, 0.24999950881584276, 0.24999950881591682, 0.24999950881600844, 0.24999950881611802, 0.24999950881624636, 0.24999950881639502, 0.24999950881656655, -0.2499995088162791, -0.24999950881610844, -0.24999950881596156, -0.24999950881583588, -0.24999950881572994, -0.2499995088156429, -0.2499995088155744, -0.24999950881552443, -0.2499995088154934, -0.24999950881548208, -0.24999950881549196, 0.24999950881751892, 0.24999950881750577, 0.24999950881751046, 0.24999950881753147, 0.24999950881756797, 0.24999950881761954, 0.2499995088176862, 0.24999950881776836, 0.24999950881786684, 0.24999950881798316, 0.24999950881812, -0.24999950881476277, -0.24999950881463173, -0.2499995088145271, -0.2499995088144464, -0.24999950881438823, -0.24999950881435193, -0.24999950881433713, 0.24999950881870067, 0.24999950881870067, -0.24999950881433713, -0.24999950881435193, -0.24999950881438823, -0.24999950881444638, -0.2499995088145271, -0.2499995088146317, -0.24999950881476274, 0.24999950881812003, 0.24999950881798322, 0.24999950881786687, 0.2499995088177684, 0.24999950881768626, 0.2499995088176196, 0.249999508817568, 0.24999950881753152, 0.2499995088175105, 0.24999950881750582, 0.249999508817519, -0.24999950881549188, -0.249999508815482, -0.24999950881549332, -0.24999950881552435, -0.2499995088155743, -0.2499995088156428, -0.24999950881572985, -0.2499995088158358, -0.24999950881596147, -0.24999950881610833, -0.249999508816279, 0.24999950881656666, 0.2499995088163951, 0.24999950881624647, 0.24999950881611813, 0.24999950881600855, 0.24999950881591693, 0.2499995088158429, 0.24999950881578645, 0.24999950881574792, 0.2499995088157282, -0.24999950881731578, -0.249999508817332, -0.24999950881736344, -0.24999950881740926, -0.2499995088174691, -0.24999950881754293, -0.24999950881763114, -0.24999950881773456, -0.2499995088178548, -0.24999950881799438, -0.24999950881815775, -0.24999950881835264, 0.24999950881445088, 0.24999950881427185, 0.24999950881414096, 0.24999950881405167, 0.24999950881400115, 0.24999950881398855, 0.24999950881401403, 0.24999950881407806, 0.0
-0.2499992861822203, 0.24999871550593017, 0.24999919686290883, 0.24999927835220612, 0.24999933670574387, 0.24999938038989722, -0.24999929810869823, -0.24999930064501652, -0.24999930336602463, -0.24999930628399195, -0.24999930941206613, -0.24999931276433385, -0.24999931635588507, 0.24999952891651545, 0.24999953713004178, 0.24999954434110305, 0.24999955071603447, 0.24999955638860089, 0.24999956146799596, 0.24999956604483237, 0.24999957019582225, -0.24999936252191823, -0.24999936960694602, -0.249999377183704, -0.2499993852847026, -0.2499993939442042, -0.24999940319818315, -0.2499994130842425, -0.2499994236414737, -0.2499994349102449, 0.2499996216905911, 0.24999949690429651, 0.2499995827380323, 0.24999958960892507, 0.24999959311829376, 0.2499995954941501, 0.2499995973265652, 0.24999959884012152, 0.24999960014036063, -0.24999959548421374, -0.2499996169912857, -0.2499996395081915, -0.24999966299042287, -0.24999968736800726, -0.24999971254090342, -0.24999973837429385, -0.24999976469404653, -0.24999979128271932, 0.24999960777857086, 0.2499996082234364, 0.24999960862637108, 0.24999960898910403, 0.24999960931301055, 0.24999960959915457, 0.24999960984831912, 0.2499996100610282, -0.24999973968373487, -0.24999998978997884, -0.24999915776681028, -0.24999997891590234, -0.2499999941241888, -0.249999989149113, -0.24999997958319767, -0.2499999666126249, 0.24999961035311297, 0.24999961021391415, 0.24999961004024046, 0.24999960983137884, 0.2499996095864278, 0.2499996093042933, 0.2499996089836812, 0.24999960862308704, -0.249999767802796, -0.2499997428542014, -0.2499997182407126, -0.24999969410612874, -0.24999967056433958, -0.2499996477026803, -0.2499996255853548, -0.24999960425676293, -0.24999958374462078, 0.24999960229834645, 0.2499996013175789, 0.24999960025360532, 0.2499995990993877, 0.2499995978470051, 0.24999959648752523, 0.24999959501085292, 0.24999959340555095, 0.24999959165862687, -0.2499994224860411, -0.24999941026658828, -0.24999939864210005, -0.24999938758279866, -0.24999937705962927, -0.2499993670444252, -0.2499993575100253, -0.2499993484303529, -0.2499993397804641, 0.24999956171200216, 0.24999955669608462, 0.24999955107826388, 0.24999954475957126, 0.24999953761924773, 0.249999529508575, 0.24999952024250716, 0.24999950958813366, -0.24999927771616162, -0.2499992722385422, -0.2499992669883877, -0.24999926195296338, -0.24999925712029172, -0.2499992524791106, -0.24999924801883291, 0.24999930639150694, 0.2499992439875734, 0.249999159104764, 0.24999903779778618, 0.24999874175162606, -0.24999922454338333, 0.0
9.14050164863557e-19, 1.2613266866312596e-18, -1.4403464695707718e-18, 3.9377346425752437e-20, -4.7729714687238483e-20, -1.4828500654277843e-18, 6.775377388101784e-19, 1.516653085301151e-19, 6.435624706911511e-19, -1.7279242165354056e-19, -1.0781308390513434e-18, 1.2031957528086961e-19, 7.490341455453485e-19, 1.5095353016481668e-19, 4.1662196997257337e-19, -9.385849780198008e-19, -8.123272139299292e-20, -1.0195761654002315e-18, -4.150230119760757e-20, 1.0711824266367441e-18, 4.226261268393233e-20, 1.6803914493918792e-19, 6.000517339202542e-19, -3.907168731122179e-20, 4.571792118677325e-19, -1.8100556365191576e-19, 2.08904978895858e-19, -1.985913025020267e-18, 2.3199803954421765e-20, 1.0648376948135178e-18, -9.694793728388061e-19, 1.0366773600828176e-18, 4.0942771195355925e-19, 8.002912976315003e-20, -1.4197722013904827e-19, 1.92683680673542e-19, 2.9121727593828746e-20, -7.864191359642129e-19, -2.792119669065558e-19, 7.912332533597328e-19, -3.6458333213646676e-19, -8.514886027393236e-20, -3.7920692045541085e-19, 2.983118694109532e-19, -1.0871916026725905e-18, -5.391178509582668e-19, 5.561328754319795e-19, 5.843966710780743e-19, 7.558580718807619e-19, 4.977595761721697e-19, -6.584272388454102e-19, 4.795444520876288e-21, 1.2649483920622935e-18, -1.2178983081639687e-18, -3.456317925003283e-19, -7.465304101109326e-19, -7.052515526175279e-19, 1.4105383281505753e-19, 6.878160287434646e-19, 6.200251782304935e-19, -1.0416663879658647e-19, -6.473894551081321e-19, 1.0853761707670357e-18, -1.4231057108285244e-19, -9.12246900145867e-19, 3.9003236695898945e-19, -5.971694179559087e-19, 4.306735605506814e-19, 6.143278913811442e-19, 6.455935392853177e-19, -8.227028803656426e-19, 2.3901941507931976e-19, 3.9201117867063016e-19, -3.4304497974813174e-19, -1.1348895109433032e-19, -4.4136196501643925e-19, 2.42113507956958e-19, 2.285800133844699e-19, 2.6750467914735146e-19, 5.478521367283414e-20, 7.962037015044074e-19, -4.677237839742684e-19, -4.1444433608709815e-19, -3.620149823471685e-19, 2.0218625476283067e-19, -5.494199583028685e-19, -6.905262264683988e-19, 1.0756346445262666e-19, 8.500500998476974e-19, -5.250094262884248e-19, 8.9375596946668e-19, -3.4005500670483606e-20, -1.1511072087981369e-19, 9.522197853751463e-19, -1.3585191079450016e-18, 8.631830973574234e-19, -4.791419051169508e-19, 3.298292111380875e-19, -9.189901046473369e-20, -7.902043910551158e-19, 9.759613244353428e-19, 5.5367621393594955e-19, -6.761424500329069e-19, -8.1748623025731665e-19, 3.72263632072622e-19, 5.760875832477182e-19, -7.835062946060853e-19, 6.223075116139819e-19, 8.031517447920564e-20, -5.999135968279288e-19, 2.7414289604519773e-20, -7.994327460086762e-20, -2.419731031948193e-19, 2.067765384442744e-19, 2.417480143446672e-19, -6.639231751276521e-19, -7.680285222447836e-19, 3.8895405833060723e-19, -3.2504515948307455e-19, 1.4317836120909223e-18, 0.0
1.7271707434507654e-18, -8.107444489632745e-19, 1.2729152362941991e-18, -7.866684544498769e-19, -1.853018668880121e-18, 3.9177305805131625e-19, 8.843286004441367e-19, -1.2874650099531863e-19, -6.172420446478921e-19, -2.99400968736707e-19, 9.796411578020135e-19, -1.2101780500934578e-18, 6.894999285407476e-19, -5.12926853966649e-19, -1.7348994094776944e-19, 1.0856574807539404e-19, -9.951350325688174e-19, -4.126870080082104e-19, 4.0593986253574336e-21, 1.272907539763311e-18, 1.9250469484577593e-19, -4.342178530242472e-19, 4.746489552276244e-19, -3.3519377489309667e-19, 4.2828879244663467e-19, -5.488432808494216e-20, 1.146181223421034e-19, -9.767598665318935e-19, 2.3371487092315453e-19, 6.245466167676331e-19, 4.567600143886288e-19, 5.892090574244395e-19, -3.1832358858769853e-19, -5.562313453226399e-19, 1.0057420999686034e-18, -9.018672603682492e-19, -4.5597205931660804e-20, 7.632319003421038e-19, 6.433365015369154e-19, -3.460173984416752e-19, 3.792902755013367e-21, -8.573406353441001e-19, -7.794618850581571e-19, 6.831550079722945e-19, 6.860470782039025e-20, -1.592191647355048e-18, 4.70652431590048e-19, -4.675146336642758e-20, 8.101344697703795e-19, 3.6291665436057203e-19, 6.721835338906383e-20, -6.841268188658311e-20, -1.197818651594432e-18, 2.4295210727096345e-19, -6.960886250370426e-19, -6.471357982998664e-19, 7.021943893047016e-19, -4.132413906086868e-19, 8.606490186476262e-19, 1.1616900347129313e-18, -6.068726760638884e-19, 3.200059078733645e-19, 1.5523905377029355e-18, -4.308205301842827e-19, -1.156013082280846e-19, -9.689077952602766e-19, 7.73542436119586e-19, -1.3753460781250414e-18, 7.232751897239486e-19, -3.321437015489087e-19, 1.1141605069821415e-18, 2.729857758275006e-19, -1.3652066311990226e-19, 2.575559414453148e-19, -1.1309181215335608e-18, -1.412603624261766e-19, -3.458799473199161e-19, -6.914310303424265e-20, 3.255264170771546e-19, 4.495225928180886e-19, 2.0716489984915313e-19, -1.0458526524716714e-18, 6.983374249139462e-19, 2.8637721868521208e-19, 7.51826858943948e-19, -6.884767892279382e-19, -1.1873623958218526e-18, -3.5861023218712996e-20, 1.2680236354643777e-18, -1.563329464566342e-18, 3.66550275500475e-19, 1.8640380634021486e-19, 2.186693446459878e-19, -7.594935118451892e-19, 9.767192240394033e-19, -3.8541180423693855e-19, 1.0502787268986387e-19, 6.274159981313504e-19, -2.905688940072948e-19, -8.475867602496743e-19, 2.640136042816091e-19, 2.370639577639888e-19, -1.1479347160629337e-19, 9.596489853000345e-19, 1.8072024358033225e-19, 6.925377693837265e-19, -1.5219951513868537e-19, -1.3081718539331238e-19, -6.912783562554461e-19, -5.414595507282709e-20, -4.602698796331993e-19, 2.624208773774949e-19, -8.254592089047297e-19, -5.765605076575611e-20, 5.778793837324819e-19, -3.8606155090991903e-19, 8.015022086188999e-19, -1.3805185389766905e-18, 7.714275842885552e-19, 2.5821107634948356e-19, 0.0
4.595754777658066e-19, -5.517575426304951e-19, -7.545770283544877e-19, 2.1329181424543998e-19, -8.465848520458117e-20, 1.462501487386362e-19, 1.0903515169678062e-18, 5.240113500363627e-19, -7.586917632878052e-19, 4.456646108590855e-19, 1.2665137963023441e-19, -8.231113393328901e-19, 1.4357159286575713e-19, -7.35342867121408e-19, 4.977933479764763e-19, 6.444591956655213e-19, -2.8315452601795464e-19, -9.11138554993033e-19, 6.47134359486995e-19, 1.4324600056143787e-19, -2.1681652156084342e-19, -6.403810522661735e-20, -2.306758909334741e-19, -4.071738756050531e-19, 9.363266908738912e-19, -7.010118457688645e-19, 5.872485929182478e-19, -1.1299555990129385e-18, 5.1615679636186647e-20, 1.203319780593617e-18, -9.448497974002911e-20, 4.785312536457484e-19, 7.748215884086379e-19, -6.70434491263592e-19, -7.499034839417502e-19, -3.12330674333067e-19, 1.346606178463265e-20, 1.8454704842634156e-19, -3.840842294653911e-20, -4.121747745111544e-19, -4.942509220452366e-19, 2.8612044365355793e-19, 6.686855275873228e-19, 1.1110541665530114e-18, -5.819854786414914e-19, -9.428531205947547e-19, 5.740653058011264e-19, 1.5604111303334439e-19, 1.1598958492910252e-18, 7.549708494613527e-19, -8.803561918237382e-19, -2.621467086982962e-19, -5.057973581013271e-19, -5.2905855461217254e-20, -6.863477708572498e-20, -1.7096623029352921e-18, -7.046384437203602e-19, 1.1665798116046347e-18, 4.758434916166162e-19, 2.9206163019671426e-19, 6.128037760518475e-19, 9.731544986431179e-19, 1.1652997840276685e-18, -8.190041135337917e-19, -1.5011186239289049e-18, -5.724734284824578e-19, 2.5914110367131636e-19, 5.312083101984195e-19, 9.303978475574467e-19, -3.2931705234497595e-19, -5.713018496655246e-20, -5.838799726472274e-19, 4.923467019769738e-19, 1.1159225049558717e-18, -8.917778990215995e-19, -5.770473110163801e-19, -1.95100117872758e-19, -5.796677906733155e-20, -3.1247877002754794e-19, 4.100707726422484e-19, 1.889808505647132e-19, -1.1575090544822228e-18, 1.1044561584871499e-18, -2.0966156269097263e-19, -3.7965014234470656e-19, -1.9055105652654655e-19, -1.2868356796946306e-19, -1.0119561278549798e-19, 7.418103810676988e-19, 5.584020288875785e-19, -7.686992924900286e-20, 6.510777228452422e-20, -1.009319463455974e-18, 3.290640266370701e-20, -6.825197480159193e-19, -2.377978867376606e-19, -7.040864324217626e-19, 9.420829964037322e-19, -8.080634474953715e-20, -7.701343201921986e-19, 5.906222446036807e-20, 5.361402095416805e-19, -7.731797968805739e-19, 2.2505398578175726e-19, 8.635343519885654e-19, 2.304366235013083e-19, 9.557483367150776e-19, -1.3980021063855725e-19, -8.468453710247327e-19, 1.3037571585912114e-18, -1.6915405894447103e-19, -8.858018190105649e-19, -4.720271786849385e-19, 1.0857791071011155e-18, -7.935781098631454e-19, -9.373712356212858e-19, 7.637844858904196e-19, 3.0689652735064156e-19, -4.517706651792636e-19, 8.171991565794953e-19, 0.0
